MAE_global,RMSE_global,R2_global,n_rows,n_targets,n_cases
3.686977744667041,22.595657126816086,0.9931625117789596,2957,40,20
